Jakarta	Denpasar
North Sulawesi	Bandung
Riau	Batu
Yogyakarta	Bekasi
East Kalimantan	Blitar
Riau Islands	Bogor
Central Kalimantan	Cianjur
Central Java	Cilegon
North Sumatra	Cimahi
Bangka–Belitung Islands	Cirebon
West Sumatra	Depok
South Sumatra	Jakarta
Jambi	Madiun
West Java	Magelang
Bali	Malang
Bengkulu	Mojokerto
Aceh Darussalam	Pasuruan
East Java	Pekalongan
Maluku	Probolinggo
Lampung	Salatiga
South Sulawesi	Semarang
Central Sulawesi	South Tangerang
Banten	Sukabumi
Gorontalo	Surabaya
South East Sulawesi	Surakarta
South Kalimantan	Tasikmalaya
West Sulawesi	Tangerang
North Maluku	Tegal
West Kalimantan	Yogyakarta
West Papua	Kediri
East Nusa Tenggara	Serang
West Nusa Tenggara	Purwokerto
Papua	Balikpapan
Papua	Banjarbaru
Papua	Banjarmasin
Papua	Bontang
Papua	Palangkaraya
Papua	Pontianak
Papua	Samarinda
Papua	Singkawang
Papua	Tarakan
Papua	Tenggarong
Papua	Ambon
Papua	Tual
Papua	Ternate
Papua	Tidore
Papua	Bima
Papua	Mataram
Papua	Kupang
Papua	Atambua
Papua	Jayapura
Papua	Merauke
Papua	Kota Sorong
Papua	Manokwari
Papua	Bau-Bau
Papua	Bitung
Papua	Gorontalo
Papua	Kendari
Papua	Makassar
Papua	Manado
Papua	Palu
Papua	Pare-Pare
Papua	Palopo
Papua	Tomohon
Papua	Banda Aceh
Papua	Bandar Lampung
Papua	Batam
Papua	Bengkulu
Papua	Blangkejeren
Papua	Binjai
Papua	Bireuen
Papua	Bukittinggi
Papua	Dumai
Papua	Jambi
Papua	Langsa
Papua	Lhokseumawe
Papua	Lubuklinggau
Papua	Meulaboh
Papua	Medan
Papua	Metro
Papua	Padang
Papua	Padang Panjang
Papua	Padang Sidempuan
Papua	Pagar Alam
Papua	Palembang
Papua	Pangkal Pinang
Papua	Pariaman
Papua	Payakumbuh
Papua	Pekanbaru
Papua	Pematang Siantar
Papua	Prabumulih
Papua	Sigli
Papua	Redelong (Simpang Tiga Redelong)
Papua	Sabang
Papua	Sawah Lunto
Papua	Sibolga
Papua	Singkil
Papua	Solok
Papua	Takengon
Papua	Tapaktuan
Papua	Tanjung Balai
Papua	Tanjung Pinang
Papua	Tebing Tinggi
